/*
 Navicat Premium Data Transfer

 Source Server         : localhost
 Source Server Type    : MySQL
 Source Server Version : 50624
 Source Host           : localhost:3306
 Source Schema         : shiro

 Target Server Type    : MySQL
 Target Server Version : 50624
 File Encoding         : 65001

 Date: 28/05/2020 18:04:59
*/

SET NAMES utf8mb4;
SET FOREIGN_KEY_CHECKS = 0;

-- ----------------------------
-- Table structure for permissions
-- ----------------------------
DROP TABLE IF EXISTS `permissions`;
CREATE TABLE `permissions`  (
  `id` bigint(11) NOT NULL AUTO_INCREMENT,
  `permission` varchar(255) CHARACTER SET utf8mb4 COLLATE utf8mb4_general_ci NOT NULL,
  PRIMARY KEY (`id`) USING BTREE
) ENGINE = InnoDB AUTO_INCREMENT = 5 CHARACTER SET = utf8mb4 COLLATE = utf8mb4_general_ci ROW_FORMAT = Compact;

-- ----------------------------
-- Records of permissions
-- ----------------------------
INSERT INTO `permissions` VALUES (1, 'read');
INSERT INTO `permissions` VALUES (2, 'write');
INSERT INTO `permissions` VALUES (3, 'update');
INSERT INTO `permissions` VALUES (4, 'delete');

-- ----------------------------
-- Table structure for role_permission
-- ----------------------------
DROP TABLE IF EXISTS `role_permission`;
CREATE TABLE `role_permission`  (
  `role_id` bigint(20) NOT NULL,
  `permission_id` bigint(20) NOT NULL,
  PRIMARY KEY (`role_id`, `permission_id`) USING BTREE
) ENGINE = InnoDB CHARACTER SET = utf8mb4 COLLATE = utf8mb4_general_ci ROW_FORMAT = Compact;

-- ----------------------------
-- Records of role_permission
-- ----------------------------
INSERT INTO `role_permission` VALUES (1, 1);
INSERT INTO `role_permission` VALUES (1, 2);
INSERT INTO `role_permission` VALUES (1, 3);
INSERT INTO `role_permission` VALUES (1, 4);
INSERT INTO `role_permission` VALUES (2, 1);
INSERT INTO `role_permission` VALUES (2, 2);
INSERT INTO `role_permission` VALUES (3, 1);

-- ----------------------------
-- Table structure for roles
-- ----------------------------
DROP TABLE IF EXISTS `roles`;
CREATE TABLE `roles`  (
  `id` bigint(11) NOT NULL AUTO_INCREMENT,
  `role` varchar(255) CHARACTER SET utf8mb4 COLLATE utf8mb4_general_ci NOT NULL,
  PRIMARY KEY (`id`) USING BTREE
) ENGINE = InnoDB AUTO_INCREMENT = 4 CHARACTER SET = utf8mb4 COLLATE = utf8mb4_general_ci ROW_FORMAT = Compact;

-- ----------------------------
-- Records of roles
-- ----------------------------
INSERT INTO `roles` VALUES (1, 'admin');
INSERT INTO `roles` VALUES (2, 'user');
INSERT INTO `roles` VALUES (3, 'trial');

-- ----------------------------
-- Table structure for user
-- ----------------------------
DROP TABLE IF EXISTS `user`;
CREATE TABLE `user`  (
  `id` bigint(11) NOT NULL AUTO_INCREMENT,
  `username` varchar(50) CHARACTER SET utf8mb4 COLLATE utf8mb4_general_ci NOT NULL,
  `password` varchar(255) CHARACTER SET utf8mb4 COLLATE utf8mb4_general_ci NOT NULL,
  PRIMARY KEY (`id`) USING BTREE,
  UNIQUE INDEX `username`(`username`) USING BTREE COMMENT '用户名'
) ENGINE = InnoDB AUTO_INCREMENT = 4 CHARACTER SET = utf8mb4 COLLATE = utf8mb4_general_ci ROW_FORMAT = Compact;

-- ----------------------------
-- Records of user
-- ----------------------------
INSERT INTO `user` VALUES (1, 'admin', 'admin');
INSERT INTO `user` VALUES (2, 'qq', 'qq');
INSERT INTO `user` VALUES (3, 'ii', 'ii');

-- ----------------------------
-- Table structure for user_role
-- ----------------------------
DROP TABLE IF EXISTS `user_role`;
CREATE TABLE `user_role`  (
  `user_id` bigint(20) NOT NULL,
  `role_id` bigint(20) NOT NULL,
  PRIMARY KEY (`user_id`, `role_id`) USING BTREE
) ENGINE = InnoDB CHARACTER SET = utf8mb4 COLLATE = utf8mb4_general_ci ROW_FORMAT = Compact;

-- ----------------------------
-- Records of user_role
-- ----------------------------
INSERT INTO `user_role` VALUES (1, 1);
INSERT INTO `user_role` VALUES (2, 2);
INSERT INTO `user_role` VALUES (3, 3);

SET FOREIGN_KEY_CHECKS = 1;
